SCP Foundation anomalous objects	horror
SCP Foundation Euclid class	horror
SCP Foundation Keter class	horror
Backrooms liminal spaces levels	horror
Backrooms entity	horror
esoteric programming language Brainfuck Malbolge	programming
esoteric programming language INTERCAL Befunge Piet	programming
atomic rockets nuclear thermal rocket spacecraft design	computing
Project Rho spacecraft delta-v propulsion	computing
numbers stations shortwave espionage Cold War	intelligence
numbers stations UVB-76 Lincolnshire Poacher	intelligence
conet project shortwave numbers station recordings	intelligence
Atlas Obscura unusual places hidden wonders	geography
Roadside America unusual roadside attraction	geography
Museum of Obsolete Media dead media formats	technology_general
obsolete media format Betamax LaserDisc MiniDisc	technology_general
Encyclopedia Mythica Greek gods mythology	mythology_folklore
Norse mythology Odin Thor Loki Ragnarok	mythology_folklore
Celtic mythology Tuatha De Danann Morrigan Cernunnos	mythology_folklore
Egyptian mythology Ra Osiris Anubis underworld	mythology_folklore
Japanese mythology yokai Shinto kami	mythology_folklore
Hindu mythology Vishnu Shiva avatars	mythology_folklore
Aztec mythology Quetzalcoatl Tezcatlipoca	mythology_folklore
outsider art Art Brut self-taught artist	art
outsider art Henry Darger Adolf Wolfli	art
Jean Dubuffet Art Brut Collection Lausanne	art
grindhouse exploitation cinema	horror
giallo Italian horror film	horror
Skeptics Dictionary pseudoscience debunking	science
fringe science perpetual motion cold fusion	science
Psi encyclopedia parapsychology ESP telepathy	occult
strange history bizarre historical events	history
Damn Interesting obscure true stories science	history
nuclear weapons design thermonuclear implosion	military_history
nuclear testing Trinity Bikini Atoll Tsar Bomba	military_history
urban legends Bloody Mary Hook Man vanishing hitchhiker	mystery
Snopes fact check urban legend	mystery
creepypasta Slender Man BEN Drowned	horror
lost media found lost film television	entertainment_general
lost media partially found animation	entertainment_general
