SCP Foundation	horror
Backrooms	horror
Esoteric programming language	programming
Nuclear pulse propulsion	computing
Project Orion (nuclear propulsion)	computing
Numbers station	intelligence
UVB-76	intelligence
The Conet Project	intelligence
Outsider art	art
Art brut	art
Henry Darger	art
Adolf Wölfli	art
Grindhouse	horror
Giallo	horror
Perpetual motion	science
Cold fusion	science
Parapsychology	occult
Extrasensory perception	occult
Psychokinesis	occult
Creepypasta	horror
Slender Man	horror
Lost film	entertainment_general
Lost media	entertainment_general
Exploitation film	horror
Canuxploitation	horror
Ozploitation	horror
Blaxploitation	horror
Nunsploitation	horror
Women in prison film	horror
Mondo film	horror
Snuff film	horror
Video nasty	horror
Extreme cinema	horror
List of urban legends	mystery
Vanishing hitchhiker	mystery
Bloody Mary (folklore)	mystery
The Hook (urban legend)	mystery
Phantom hitchhiker	mystery
